Ten file,FPS
L01_V001,25.0
L01_V002,25.0
L01_V003,25.0
L01_V004,25.0
L01_V005,25.0
L01_V006,25.0
L01_V007,25.0
L01_V008,25.0
L01_V009,25.0
L01_V010,25.0
L01_V011,25.0
L01_V012,25.0
L01_V013,25.0
L01_V014,25.0
L01_V015,25.0
L01_V016,25.0
L01_V017,25.0
L01_V018,25.0
L01_V019,25.0
L01_V020,25.0
L01_V021,25.0
L01_V022,25.0
L01_V023,25.0
L01_V024,25.0
L01_V025,25.0
L01_V026,25.0
L01_V027,25.0
L01_V028,25.0
L01_V029,25.0
L01_V030,25.0
L01_V031,25.0
L02_V001,25.0
L02_V002,25.0
L02_V003,25.0
L02_V004,25.0
L02_V005,25.0
L02_V006,25.0
L02_V007,25.0
L02_V008,25.0
L02_V009,25.0
L02_V010,25.0
L02_V011,25.0
L02_V012,25.0
L02_V013,25.0
L02_V014,25.0
L02_V015,25.0
L02_V016,25.0
L02_V017,25.0
L02_V018,25.0
L02_V019,25.0
L02_V020,25.0
L02_V021,25.0
L02_V022,25.0
L02_V023,25.0
L02_V024,25.0
L02_V025,25.0
L02_V026,25.0
L02_V027,25.0
L02_V028,25.0
L02_V029,25.0
L02_V030,25.0
L03_V001,25.0
L03_V002,25.0
L03_V003,25.0
L03_V004,25.0
L03_V005,25.0
L03_V006,25.0
L03_V007,25.0
L03_V008,25.0
L03_V009,25.0
L03_V010,25.0
L03_V011,25.0
L03_V012,25.0
L03_V013,25.0
L03_V014,25.0
L03_V015,25.0
L03_V016,25.0
L03_V017,25.0
L03_V018,25.0
L03_V019,25.0
L03_V020,25.0
L03_V021,25.0
L03_V022,25.0
L03_V023,25.0
L03_V024,25.0
L03_V025,25.0
L03_V026,25.0
L03_V027,25.0
L03_V028,25.0
L03_V029,25.0
L03_V030,25.0
L03_V031,25.0
L04_V001,25.0
L04_V002,25.0
L04_V003,25.0
L04_V004,25.0
L04_V005,25.0
L04_V006,25.0
L04_V007,25.0
L04_V008,25.0
L04_V009,25.0
L04_V010,25.0
L04_V011,25.0
L04_V012,25.0
L04_V013,25.0
L04_V014,25.0
L04_V015,25.0
L04_V016,25.0
L04_V017,25.0
L04_V018,25.0
L04_V019,25.0
L04_V020,25.0
L04_V021,25.0
L04_V022,25.0
L04_V023,25.0
L04_V024,25.0
L04_V025,25.0
L04_V026,25.0
L04_V027,25.0
L04_V028,25.0
L04_V029,25.0
L04_V030,25.0
L04_V031,25.0
L05_V001,25.0
L05_V002,25.0
L05_V003,25.0
L05_V004,25.0
L05_V005,25.0
L05_V006,25.0
L05_V007,25.0
L05_V008,25.0
L05_V009,25.0
L05_V010,25.0
L05_V011,25.0
L05_V012,25.0
L05_V013,25.0
L05_V014,25.0
L05_V015,25.0
L05_V016,25.0
L05_V017,25.0
L05_V018,25.0
L05_V019,25.0
L05_V020,25.0
L05_V021,25.0
L05_V022,25.0
L05_V023,25.0
L05_V024,25.0
L05_V025,25.0
L05_V026,25.0
L05_V027,25.0
L05_V028,25.0
L06_V001,25.0
L06_V002,25.0
L06_V003,25.0
L06_V004,25.0
L06_V005,25.0
L06_V006,25.0
L06_V007,25.0
L06_V008,25.0
L06_V009,25.0
L06_V010,25.0
L06_V011,25.0
L06_V012,25.0
L06_V013,25.0
L06_V014,25.0
L06_V015,25.0
L06_V016,25.0
L06_V017,25.0
L06_V018,25.0
L06_V019,25.0
L06_V020,25.0
L06_V021,25.0
L06_V022,25.0
L06_V023,25.0
L06_V024,25.0
L06_V025,25.0
L06_V026,25.0
L06_V027,25.0
L06_V028,25.0
L07_V001,25.0
L07_V002,25.0
L07_V003,25.0
L07_V004,25.0
L07_V005,25.0
L07_V006,25.0
L07_V007,25.0
L07_V008,25.0
L07_V009,25.0
L07_V010,25.0
L07_V011,25.0
L07_V012,25.0
L07_V013,25.0
L07_V014,25.0
L07_V015,25.0
L07_V016,25.0
L07_V017,25.0
L07_V018,25.0
L07_V019,25.0
L07_V020,25.0
L07_V021,25.0
L07_V022,25.0
L07_V023,25.0
L07_V024,25.0
L07_V025,25.0
L07_V026,25.0
L07_V027,25.0
L07_V028,25.0
L07_V029,25.0
L07_V030,25.0
L07_V031,25.0
L08_V001,25.0
L08_V002,25.0
L08_V003,25.0
L08_V004,25.0
L08_V005,25.0
L08_V006,25.0
L08_V007,25.0
L08_V008,25.0
L08_V009,25.0
L08_V010,25.0
L08_V011,25.0
L08_V012,25.0
L08_V013,25.0
L08_V014,25.0
L08_V015,25.0
L08_V016,25.0
L08_V017,25.0
L08_V018,25.0
L08_V019,25.0
L08_V020,25.0
L08_V021,25.0
L08_V022,25.0
L08_V023,25.0
L08_V024,25.0
L08_V025,25.0
L08_V026,25.0
L08_V027,25.0
L08_V028,25.0
L08_V029,25.0
L09_V001,25.0
L09_V002,25.0
L09_V003,25.0
L09_V004,25.0
L09_V005,25.0
L09_V006,25.0
L09_V007,25.0
L09_V008,25.0
L09_V009,25.0
L09_V010,25.0
L09_V011,25.0
L09_V012,25.0
L09_V013,25.0
L09_V014,25.0
L09_V015,25.0
L09_V016,25.0
L09_V017,25.0
L09_V018,25.0
L09_V019,25.0
L09_V020,25.0
L09_V021,25.0
L09_V022,25.0
L09_V023,25.0
L09_V024,25.0
L09_V025,25.0
L09_V026,25.0
L09_V027,25.0
L09_V028,25.0
L09_V029,25.0
L09_V030,25.0
L10_V001,25.0
L10_V002,25.0
L10_V003,25.0
L10_V004,25.0
L10_V005,25.0
L10_V006,25.0
L10_V007,25.0
L10_V008,25.0
L10_V009,25.0
L10_V010,25.0
L10_V011,25.0
L10_V012,25.0
L10_V013,25.0
L10_V014,25.0
L10_V015,25.0
L10_V016,25.0
L10_V017,25.0
L10_V018,25.0
L10_V019,25.0
L10_V020,25.0
L10_V021,25.0
L10_V022,25.0
L10_V023,25.0
L10_V024,25.0
L10_V025,25.0
L10_V026,25.0
L10_V027,25.0
L10_V028,25.0
L10_V029,25.0
L10_V030,25.0
